device_type,watch_time_minutes
Mobile,121.59183632694652
Laptop,121.20326664270596
Smart TV,120.9322306086398
