subscription_type,watch_time_minutes
Standard,121.50306898424769
Basic,121.41461741074393
Premium,120.76495750236099
