device_type,subscription_status
Laptop,27.778443352901245
Mobile,27.99544464646061
Smart TV,28.30817408061667
