subscription_type,subscription_status
Basic,28.203368821797735
Premium,28.287317371257153
Standard,27.661596958174904
